rank1,seat_class,purchase_amount
1,Economy,15346.330000000007
2,Business,7207.689999999997
