rank1,seat_position,purchase_amount
1,Window,5660.420000000001
2,Aisle,4888.19
3,Middle,4797.720000000002
